{
  "results": [
    {
      "command": "node_modules/.bin/saku h h h h h h h h h h",
      "mean": 0.21596449857000003,
      "stddev": 0.009477068107006349,
      "user": 0.17209929,
      "system": 0.039236770000000007,
      "min": 0.20564797007000003,
      "max": 0.23717278007000004,
      "times": [
        0.23717278007000004,
        0.22901767907000004,
        0.20564797007000003,
        0.20604613907000003,
        0.21716670207000003,
        0.21802398607,
        0.21080499907000004,
        0.20907892607000004,
        0.22078692807000004,
        0.21424917007000003,
        0.20845757507,
        0.21512112807000004
      ]
    },
    {
      "command": "/Users/kt3k/go/bin/saku h h h h h h h h h h",
      "mean": 0.048489446858461539,
      "stddev": 0.004237621851205803,
      "user": 0.016880347692307695,
      "system": 0.021586289230769226,
      "min": 0.04565957407000001,
      "max": 0.07310845407,
      "times": [
        0.05372929507,
        0.07310845407,
        0.06261675207,
        0.04812946507,
        0.048485781070000007,
        0.04565957407000001,
        0.04869633407000001,
        0.04765471307000001,
        0.047044413070000009,
        0.048144026070000008,
        0.047949764070000008,
        0.046256840070000009,
        0.047877875070000009,
        0.046314862070000007,
        0.047945269070000007,
        0.04698584807,
        0.046986281070000007,
        0.04887365607000001,
        0.047049965070000008,
        0.04662456907,
        0.04856342107,
        0.047298052070000009,
        0.04862536507,
        0.04853916707000001,
        0.04573031107,
        0.047943196070000009,
        0.047433405070000007,
        0.047738415070000008,
        0.050065355070000008,
        0.048359908070000009,
        0.047086181070000007,
        0.04807847207,
        0.04937962407,
        0.047293429070000007,
        0.04825327007000001,
        0.04719502307,
        0.04783875407,
        0.04802665407000001,
        0.04717776307,
        0.04722041607000001,
        0.04820908007000001,
        0.046344140070000008,
        0.04844619607,
        0.04592994307000001,
        0.04790659407,
        0.047470683070000008,
        0.04617666707,
        0.04734276607000001,
        0.048303339070000009,
        0.046665512070000008,
        0.04829604507,
        0.046380351070000009
      ]
    }
  ]
}
