{
  "results": [
    {
      "command": "node_modules/.bin/saku -i",
      "mean": 0.180711617495,
      "stddev": 0.045378437454247227,
      "user": 0.14833756999999998,
      "system": 0.027148529999999995,
      "min": 0.160676441595,
      "max": 0.308912099595,
      "times": [
        0.308912099595,
        0.169846673595,
        0.17824678259500002,
        0.172369860595,
        0.164595183595,
        0.162246660595,
        0.16218330859500003,
        0.160676441595,
        0.163276727595,
        0.164762436595
      ]
    },
    {
      "command": "/Users/kt3k/go/bin/saku -i",
      "mean": 0.0047144544164285759,
      "stddev": 0.0017542717871514998,
      "user": 0.0013739271428571425,
      "system": 0.0013929657142857139,
      "min": 0.0035278135950000016,
      "max": 0.017564093595000005,
      "times": [
        0.017564093595000005,
        0.004355466595000001,
        0.004946109595000001,
        0.004635493595000002,
        0.006051921595000001,
        0.007599734595000001,
        0.004177173595000002,
        0.007081020595000001,
        0.006696921595000002,
        0.007245348595000001,
        0.005586242595000001,
        0.005269442595000002,
        0.003829092595000002,
        0.012546346595000003,
        0.005798399595000002,
        0.006502894595000001,
        0.005766692595000001,
        0.003638860595000002,
        0.004062783595000001,
        0.0037977655950000019,
        0.004561941595000001,
        0.003617413595000002,
        0.003766126595000002,
        0.0035278135950000016,
        0.0045531685950000008,
        0.004284665595000001,
        0.005617280595000001,
        0.005020033595000001,
        0.004451732595000001,
        0.004064278595000002,
        0.008016569595000002,
        0.004273271595000001,
        0.006960421595000002,
        0.005303192595000001,
        0.008301059595000002,
        0.006018381595000002,
        0.004728160595000001,
        0.0038432615950000019,
        0.0037069885950000017,
        0.004662071595000001,
        0.003652557595000002,
        0.004449137595000001,
        0.003713244595000002,
        0.003798104595000002,
        0.003969209595000002,
        0.0038309115950000015,
        0.0037213085950000017,
        0.004377948595000002,
        0.004058850595000002,
        0.004684331595000001,
        0.004871751595000001,
        0.005214305595000001,
        0.0043459545950000019,
        0.007583466595000001,
        0.004270075595000001,
        0.007394118595000002,
        0.005097078595000002,
        0.007644116595000002,
        0.006003919595000001,
        0.0038413405950000016,
        0.0038679845950000018,
        0.003871365595000002,
        0.0035624115950000018,
        0.003895638595000002,
        0.005828277595000002,
        0.004455118595000002,
        0.004202684595000001,
        0.004066360595,
        0.004054531595000001,
        0.010059305595000002,
        0.007880560595,
        0.006594486595000001,
        0.005725329595000002,
        0.0055100225950000009,
        0.004668179595000002,
        0.004857036595000001,
        0.0038811805950000018,
        0.004007179595000002,
        0.004063447595000002,
        0.005184641595000001,
        0.003948682595000001,
        0.0042514695950000018,
        0.004147805595000002,
        0.0037902875950000019,
        0.0036390965950000018,
        0.0037618525950000017,
        0.0038335235950000014,
        0.004070644595000001,
        0.0044397625950000009,
        0.004970564595000001,
        0.0036510885950000015,
        0.003907278595000001,
        0.003563460595000002,
        0.0037834145950000018,
        0.0035294165950000018,
        0.0035964535950000016,
        0.0035595365950000016,
        0.004279604595000002,
        0.004066597595000001,
        0.003704748595000002,
        0.0044882935950000019,
        0.0035491665950000016,
        0.0038038175950000014,
        0.0035723665950000017,
        0.0038853665950000016,
        0.0036369575950000018,
        0.004366169595000002,
        0.0038891005950000016,
        0.004296976595000002,
        0.0037839815950000018,
        0.003926559595000002,
        0.0038992465950000016,
        0.0035667095950000016,
        0.003587687595000002,
        0.0037018965950000018,
        0.004600918595000001,
        0.003949375595000002,
        0.004451810595000001,
        0.004089546595000002,
        0.004859971595000002,
        0.003987851595000001,
        0.0036346015950000016,
        0.0036699345950000018,
        0.003783280595000002,
        0.004361026595000001,
        0.004689842595000002,
        0.0037684045950000016,
        0.0036996705950000016,
        0.0037567965950000019,
        0.0037928625950000014,
        0.0036502935950000019,
        0.0037082935950000018,
        0.0037150335950000017,
        0.0042392785950000019,
        0.004051235595000001,
        0.003793691595000002,
        0.0043992055950000008,
        0.003979593595000002,
        0.004147638595000001,
        0.003606756595000002
      ]
    }
  ]
}
