{
  "results": [
    {
      "command": "node_modules/.bin/saku h",
      "mean": 0.1749995419328572,
      "stddev": 0.009600453650065783,
      "user": 0.1499459157142857,
      "system": 0.026411737857142859,
      "min": 0.16811776329000004,
      "max": 0.20728259929000004,
      "times": [
        0.20728259929000004,
        0.17673564829000003,
        0.16811776329000004,
        0.17358895329000002,
        0.17011650629000003,
        0.17174046829000004,
        0.17370363929000003,
        0.17290413329,
        0.16897301929000003,
        0.17551915829000004,
        0.17097813229000004,
        0.17343255529,
        0.17469224829000003,
        0.17220876229
      ]
    },
    {
      "command": "/Users/kt3k/go/bin/saku h",
      "mean": 0.009702962779473685,
      "stddev": 0.0020398574875367975,
      "user": 0.0031751510526315778,
      "system": 0.0038562739473684195,
      "min": 0.007740720290000001,
      "max": 0.01810559129,
      "times": [
        0.011786293290000002,
        0.00842230329,
        0.01170649929,
        0.01223246429,
        0.013900089289999999,
        0.01018471629,
        0.01013351829,
        0.00874044229,
        0.013678353290000003,
        0.00850668129,
        0.01744631629,
        0.01090779029,
        0.009820068290000001,
        0.00805081229,
        0.00937816329,
        0.00929580629,
        0.008947090290000001,
        0.00879996729,
        0.012306422289999999,
        0.01420385329,
        0.012297480290000001,
        0.010313098290000002,
        0.00805717029,
        0.00994579829,
        0.00857585229,
        0.00810672629,
        0.00782034129,
        0.00894540029,
        0.00899909929,
        0.00829813729,
        0.00812976129,
        0.00783489129,
        0.00819522329,
        0.00864967829,
        0.00876421029,
        0.009199193290000001,
        0.00905037029,
        0.00862833429,
        0.01262720729,
        0.012832915290000002,
        0.01473755729,
        0.00967418029,
        0.009043513290000001,
        0.00847047629,
        0.01651809429,
        0.01185521629,
        0.01077445229,
        0.009780753290000001,
        0.00868239629,
        0.00846549729,
        0.00981843229,
        0.01046073929,
        0.00921126429,
        0.00863774429,
        0.01427949629,
        0.01210015429,
        0.013446085290000002,
        0.00994798029,
        0.00803994729,
        0.00885270329,
        0.00849789529,
        0.00815012729,
        0.00824828329,
        0.00847894529,
        0.00874772629,
        0.00881977029,
        0.00845224329,
        0.00836238029,
        0.008292711290000001,
        0.00841657729,
        0.008800137290000001,
        0.00933903529,
        0.012989640290000002,
        0.013573314290000001,
        0.012405327290000003,
        0.012891507290000002,
        0.00874184529,
        0.0077798532899999999,
        0.00813532229,
        0.00803709329,
        0.00823405929,
        0.00941011729,
        0.00826467429,
        0.00834887429,
        0.00804145829,
        0.00808384129,
        0.00822027029,
        0.00870397329,
        0.008923183290000001,
        0.007740720290000001,
        0.00815288229,
        0.00810681629,
        0.00817886529,
        0.00885323029,
        0.00807886029,
        0.00797811829,
        0.008684566290000001,
        0.00872020529,
        0.01255537129,
        0.00855839729,
        0.013490577290000002,
        0.013490565290000001,
        0.01053597429,
        0.008359001290000001,
        0.00895860129,
        0.00824490829,
        0.00830043229,
        0.00786285129,
        0.00962649329,
        0.010888159290000001,
        0.00817315529,
        0.007906396290000001,
        0.00839681829,
        0.00794202629,
        0.00878331229,
        0.00871709929,
        0.00852655829,
        0.00875272229,
        0.00947746229,
        0.00805551529,
        0.00926351029,
        0.00959635829,
        0.00965074829,
        0.008535764290000001,
        0.012304526290000001,
        0.01475397729,
        0.01091201229,
        0.00855305729,
        0.01118974529,
        0.00884942529,
        0.00942404929,
        0.00855244529,
        0.008527228290000001,
        0.008106865290000001,
        0.00836244429,
        0.009208932290000001,
        0.00833711329,
        0.00880007729,
        0.008004701290000001,
        0.00875480829,
        0.00802703229,
        0.009008776290000001,
        0.00887308129,
        0.00837269029,
        0.008324261290000001,
        0.009808210290000001,
        0.00808826829,
        0.00842222429,
        0.00990613529,
        0.00981646329,
        0.00853793229,
        0.01219261729,
        0.011174396290000001,
        0.01145111329,
        0.01136353029,
        0.00975061529,
        0.00803383629,
        0.00898301629,
        0.009273383290000001,
        0.00809735329,
        0.00799786229,
        0.00792269229,
        0.00784732229,
        0.01065510029,
        0.00904390029,
        0.00861708829,
        0.012507996290000002,
        0.014997883290000002,
        0.013355775290000002,
        0.01073215429,
        0.00876579229,
        0.00810446629,
        0.00792414629,
        0.00842513129,
        0.00862076829,
        0.00862569929,
        0.01810559129,
        0.01164448729,
        0.01047277929,
        0.00806079929,
        0.01016990729,
        0.00858521629,
        0.00887967729,
        0.00846593929,
        0.00907330629,
        0.01217890929,
        0.00866935829,
        0.01535435729,
        0.01267742729,
        0.00988659329
      ]
    }
  ]
}
