{
  "results": [
    {
      "command": "node_modules/.bin/saku -p h h h h h h h h h h",
      "mean": 0.19014425902384617,
      "stddev": 0.011008657485223077,
      "user": 0.17105781000000004,
      "system": 0.038645835384615388,
      "min": 0.18180028887000003,
      "max": 0.22514322087000003,
      "times": [
        0.22514322087000003,
        0.18467694187,
        0.18180028887000003,
        0.19128062287,
        0.18728445387,
        0.18677227787,
        0.19380473787000003,
        0.18343465787000003,
        0.19084459687000003,
        0.18624718387,
        0.18642348887000002,
        0.18600803987,
        0.18815485587
      ]
    },
    {
      "command": "/Users/kt3k/go/bin/saku -p h h h h h h h h h h",
      "mean": 0.029988655182500016,
      "stddev": 0.004576372600282312,
      "user": 0.021233882916666673,
      "system": 0.03233689708333334,
      "min": 0.025468141870000004,
      "max": 0.04394446987,
      "times": [
        0.02734596387,
        0.03021374187,
        0.04394446987,
        0.035752176870000009,
        0.03581336687000001,
        0.03408096587000001,
        0.029938506870000004,
        0.02850251287,
        0.02768082587,
        0.028309624870000006,
        0.026544089870000004,
        0.026602306870000003,
        0.029423252870000004,
        0.028305313870000006,
        0.027242360870000004,
        0.029420933870000004,
        0.02692801687,
        0.02905702487,
        0.02656228487,
        0.027123530870000004,
        0.02860341587,
        0.027698056870000006,
        0.029397782870000005,
        0.02774408887,
        0.02594181887,
        0.02769277787,
        0.02665267887,
        0.027107237870000003,
        0.027689249869999999,
        0.026622587870000003,
        0.027536294870000003,
        0.02644537887,
        0.02644002187,
        0.02844230387,
        0.025794939870000003,
        0.02690657187,
        0.02720238187,
        0.02648833487,
        0.02857426587,
        0.026134298870000004,
        0.02568151687,
        0.02807558587,
        0.02656947187,
        0.027344877870000004,
        0.03054529187,
        0.02722782287,
        0.02865001487,
        0.026590592870000004,
        0.027430546870000004,
        0.02640640487,
        0.026451137870000003,
        0.02919020987,
        0.02702599387,
        0.026314437870000003,
        0.02817160787,
        0.02730106787,
        0.028051951870000006,
        0.025468141870000004,
        0.02685154587,
        0.02852148587,
        0.026521078870000004,
        0.02707887187,
        0.02888327387,
        0.025888867870000003,
        0.027218637870000004,
        0.03011343487,
        0.03904020887,
        0.03005735687,
        0.02617407387,
        0.03108417187,
        0.03238383387,
        0.035752734870000007,
        0.02964467887,
        0.026231998870000003,
        0.026703537870000003,
        0.026623912870000003,
        0.028405138870000004,
        0.02781975787,
        0.02873698087,
        0.03874350187,
        0.03805834987000001,
        0.036139505870000008,
        0.038209182870000007,
        0.03779633587,
        0.03908962987,
        0.040197860870000007,
        0.03958016587,
        0.038410682870000007,
        0.043318675870000006,
        0.03617495987,
        0.03532756387,
        0.03236440887000001,
        0.03507553087,
        0.040376503870000007,
        0.035106270870000007,
        0.028803748870000004
      ]
    }
  ]
}
